"Here are some mixed short to medium quotes for love, emotion, sadness, and anger:"
"Love is not what you say, love is what you do."
Anger is one letter short of danger.
Sadness flies away on the wings of time.
To love is to feel the sun from both sides.
Sometimes the people who are thousands of miles away can make you feel better than the ones right beside you.
"Emotions are like waves, we can't stop them from coming, but we can choose which one to surf."
Love is not about possession. Love is about appreciation.
Being angry doesn’t solve anything; it builds nothing but burns everything.
Behind my smile is everything you'll never understand.
Love is composed of a single soul inhabiting two bodies.
Sometimes silence is the loudest cry.
"Anger doesn’t demand action. When you act in anger, you lose."
Emotions are temporary states of mind. Don’t let them permanently destroy you.
"Love isn’t something you find, it’s something that finds you."
Sadness is but a wall between two gardens.
Never reply when you’re angry. Never make a promise when you’re happy.
The greatest emotional pain is caused by love that remains unspoken.
Anger is a short madness.
"In love, you feel both joy and pain; in sadness, you feel only pain."
Tears are words the heart can't express.
"Anger makes you smaller, while forgiveness forces you to grow beyond what you were."
Loving you was like going to war; I never came back the same.
The saddest thing about betrayal is that it never comes from your enemies.
"Sometimes, being silent is the loudest way to express your emotions."
Anger is an acid that can do more harm to the vessel in which it is stored than to anything on which it is poured.
The emotion that can break your heart is sometimes the very one that heals it.
You never realize how strong your emotions are until they come crashing down.
Lovers don’t finally meet somewhere. They’re in each other all along.
Anger is like fire; it burns everything in its path.
"Love can be complicated, but it’s always worth the risk."
"Sometimes, all you can do is smile and move on with your day, hold back the tears and pretend you’re okay."
"Express your emotions while you can, because sometimes silence says more than words ever could."
"Loving someone deeply gives you courage, while being loved deeply gives you strength."
The walls we build around us to keep out the sadness also keep out the joy.
Anger is a wind that blows out the lamp of the mind.
Love heals all wounds.
"Sadness is not the end, but it is part of the journey."
"Let your anger be like a passing storm, not a never-ending rain."
Sometimes the greatest act of love is letting go.
You can’t protect yourself from sadness without protecting yourself from happiness.
Anger is a poison you drink expecting the other person to die.
Every emotion has a message if you're willing to listen.
True love is not about perfection; it’s about seeing an imperfect person perfectly.
Even the strongest feelings expire when ignored.
Anger is energy waiting to be turned into something more useful.
Love begins where anger ends.
"The deeper that sorrow carves into your being, the more joy you can contain."
"Anger doesn’t solve anything, but understanding does."
"Sometimes, the person who makes you the happiest is also the person who can hurt you the most."
Sadness does not last forever when we walk in the direction of what we always desired.
Love does not die easily. It is a living thing.
"Anger is a signal, not an action."
"You don’t choose love, it chooses you."
"Sadness is a result of love, and love is worth every tear."
Anger is often a defense for pain.
Love is an endless act of forgiveness.
Emotions are the colors of the soul; they are the heart's language.
"Sadness is like a fine wine—rich but heavy, lingering but strong."
Anger is the enemy of non-violence.
"Love is like a storm—it can be wild and dangerous, but also refreshing and beautiful."
"Sometimes, the hardest part isn’t letting go, but learning to start over."
Anger is a stone cast into a wasp's nest.
"Love has no age, no limit, and no death."
"Tears come from the heart, not from the brain."
"To be angry is easy, but to be angry with the right person, to the right degree, at the right time, for the right purpose, and in the right way—that is not easy."
Emotions are temporary. It’s the choices you make from them that last.
"Loving deeply means risking great pain, but it’s worth it."
"Sadness is a lesson in disguise, teaching us to value happiness."
"Anger makes you bitter, but forgiveness makes you better."
Love is the only force capable of transforming an enemy into a friend.
"The greatest loss in life is not death, but what dies inside us while we live."
Anger is a feeling that makes your mouth work faster than your mind.
Love is the bridge between you and everything.
"Here are more mixed quotes for love, emotion, sadness, and anger:"
Love is when the other person’s happiness is more important than your own.
Anger is a temporary madness; control it or it will control you.
Sadness is knowing that tomorrow will be just as painful as today.
To love and be loved is to feel the sun on both sides.
Sometimes you need to let go of someone to find yourself again.
"Emotions are the fuel of life, but they can also be the fire that burns you."
True love isn’t about being inseparable; it’s about being separated and nothing changes.
Anger is a condition in which the tongue works faster than the mind.
Sadness is not being able to make someone understand how much you care.
"Love is the answer, but while you're waiting for the answer, life throws you questions."
"Anger, if not restrained, is often more hurtful to us than the injury that provokes it."
"Some days, sadness hits harder than others, but love always helps you stand again."
Love is a better teacher than duty.
"Sometimes, it's not the people who change, it’s the mask that falls off."
Anger blows out the candle of the mind.
Tears are words that need to be written.
Love is a canvas furnished by nature and embroidered by imagination.
"Sadness is when everything is right, but you’re still broken inside."
Anger is a thief that steals the joy of peace.
"Love is like a flower; it takes time to bloom, but when it does, it’s beautiful."
"Sadness lives in the heart, but love can still shine a light."
Being angry with someone means you care too much to let go.
"Love doesn’t erase the past, but it makes the future worth fighting for."
"Sadness is but a fleeting emotion, while love lasts a lifetime."
"Anger is a waste of time. Love, forgiveness, and understanding are the keys to inner peace."
"Love is like the wind—you can't see it, but you can feel it."
Sadness is seeing happiness in everyone else's life but your own.
Anger is like holding a hot coal with the intent of throwing it at someone—you're the one who gets burned.
"Love is a language spoken by everyone, but understood only by the heart."
"Sometimes, the saddest part of life is realizing that the one thing you love the most will never love you back."
Anger is a bad counselor.
Love is the silent saying of a single heart.
"Sadness is a battle within, one that we must fight daily."
"Anger weakens you, love empowers you."
The heart is never as heavy as when it’s full of sadness.
Love heals what anger destroys.
"Sadness is a cold wind, but love is the blanket that keeps you warm."
"Anger is an emotion we all experience, but it should never guide our actions."
Love is the poetry of the senses.
"Sadness is a part of life, but love is what makes it worth living."
Anger is not strength. It’s the inability to control weakness.
"Love knows no limits, no boundaries, no distance."
Sadness comes from the soul; love comes from the heart.
"Anger, if controlled, can become strength. If not, it destroys."
"Love doesn’t make the world go round, but it makes the ride worthwhile."
Sadness is a door that only love can unlock.
"Anger is the fire that consumes everything in its path, but love is the water that can extinguish it."
Love can touch us one time and last for a lifetime.
The saddest part about sadness is pretending that everything’s okay.
"Anger clouds your judgment, but love opens your eyes."
"Love isn't something you choose, it's something that chooses you."
Sadness is realizing that you were just a chapter in someone else's story.
Anger is the wind that blows out the light of reason.
"Love is not a feeling; it's an action, a choice you make every day."
"Sadness is a storm, but love is the rainbow that comes after."
"Anger is the dark side of passion, love is the light."
You don't know true love until you learn to let go.
"Sadness is a feeling that comes in waves, but love is an ocean that never ends."
"Anger is the seed of destruction, while love is the root of creation."
Love is what makes the ride worthwhile.
Sadness is the heart's way of saying goodbye.
"Anger makes you bitter, while love makes you better."
Love is like the stars—just because you can't always see it doesn't mean it's not there.
Sadness is when your heart feels too heavy for your body.
"Anger destroys, but love builds."
"True love is rare, and it’s the only thing that gives life real meaning."
Sadness is like a shadow—it follows you everywhere but doesn’t define you.
"Anger may seem powerful, but it takes more strength to forgive."
"Love isn’t about finding someone who completes you, it’s about finding someone who accepts you completely."
"Sadness is temporary, but the lessons it teaches can last forever."
"Anger makes you act foolish, but love helps you think clearly."
Here are more sad quotes for you:
"Sometimes, the person you want the most is the person you're best without."
It hurts when you realize you aren't as important to someone as you thought you were.
The saddest thing is to be a passing moment for someone who meant everything to you.
"Tears come from the heart, not from the brain."
It's sad when someone you know becomes someone you knew.
"Sometimes you have to smile and pretend everything’s okay, hold back the tears and walk away."
"People cry, not because they’re weak, but because they’ve been strong for too long."
The worst kind of sad is not being able to explain why.
The hardest part about goodbye is knowing it will never be the same again.
"You can wipe away the tears, but not the pain inside."
Sometimes it’s better to be alone. Nobody can hurt you that way.
"The greatest pain is not from the people who hate you, but from the ones you thought would never hurt you."
"Sadness is when everything feels heavy, and you don’t know why."
"Sometimes, we create our own heartbreaks through expectation."
"Behind every sweet smile, there’s a bitter sadness that no one can ever see."
It’s amazing how someone can break your heart and you can still love them with all the little pieces.
"One of the hardest things to do is wake up, smile, and pretend like everything is okay."
Sadness is when you’re surrounded by people but still feel lonely.
"The worst feeling isn’t being lonely, it’s being forgotten by someone you’d never forget."
"Sometimes, you don’t realize how much someone means to you until they’re gone."
It’s sad when the people who gave you the best memories become a memory.
The saddest thing in the world is loving someone who used to love you.
"The pain of parting is nothing to the joy of meeting again, but what if that meeting never comes?"
I hate getting flashbacks from things I don’t want to remember.
Some people will never appreciate what you do for them until you stop doing it.
It’s sad how people become what they promised they would never be.
"Sometimes the wrong choices bring us to the right places, but the sadness stays."
"The worst feeling is pretending you don’t care, when in reality it’s all you can think about."
Sadness is not the opposite of happiness; it’s a part of it.
"Sometimes, you don’t know how much pain someone carries until you see it in their eyes."
"The saddest thing is not to be alone, but to feel lonely when surrounded by people."
"It’s sad to know I’m done, but looking back, it’s the memories that hurt the most."
The hardest part of saying goodbye is letting go of the last piece of hope.
"Some wounds never show on the body, but they are deeper and more hurtful than anything that bleeds."
"Sometimes, you just have to accept the fact that some people are going to stay in your heart, even if they don’t stay in your life."
It’s sad when someone can walk right by you and pretend you were never a big part of their life.
"I’m not okay, but I’ll smile and pretend I am."
"The hardest goodbyes are the ones never said, but they hurt the most."
The saddest part of life is when the person who gave you the best memories becomes a memory.
"Every heart has a pain, only the way of expressing it is different."
The saddest truth I have learned is that people can change and promises can be broken.
You will never understand the pain you caused me until it happens to you too.
It’s sad when you realize you’re not as important to someone as you thought you were.
"I tried to forget you, but the harder I tried, the more I remembered."
The worst kind of pain is when you're smiling to stop the tears from falling.
Sometimes you just have to accept the fact that things will never go back to how they used to be.
"I gave you my heart, but you broke it in pieces."
The saddest part of love is watching someone walk away and not being able to stop them.
Sometimes the person you want the most is the one you’re best without.
The sad truth is that some people will only love you as long as they can use you.
"It hurts to let go, but sometimes it hurts more to hold on."
"The worst feeling is watching someone get over you, while you’re still drowning in the memories."
Sadness is not always visible; sometimes it’s hidden behind a smile.
I wish I could go back to the day I met you and walk away.
It’s sad when the only thing that makes you feel alive is the same thing that's killing you.
I think the saddest people always try their hardest to make others happy.
"Sometimes, the people who were supposed to protect you become the reason you’re sad."
"Sadness is like a shadow; you can’t always see it, but it’s always there."
"You promised me forever, but you gave up on us so easily."
The saddest thing about betrayal is that it never comes from your enemies.
It hurts when you realize that you are just another chapter in someone else’s story.
The hardest part about moving on is realizing that the other person already has.
"Sometimes, the person who brings out the best in you is also the one who makes you cry the most."
The saddest thing about love is that not everyone gets to experience it the same way.
It’s sad when you realize you were never as important to someone as they were to you.
The worst kind of sadness is not being able to explain why.
"No, I am not providing duplicate data. Here's a set of motivational quotes for you:"
"Success is not final, failure is not fatal: It is the courage to continue that counts."
Don't watch the clock; do what it does. Keep going.
The only way to do great work is to love what you do.
Believe you can and you're halfway there.
It always seems impossible until it's done.
Hardships often prepare ordinary people for an extraordinary destiny.
Success is walking from failure to failure with no loss of enthusiasm.
Your limitation—it's only your imagination.
Dream big and dare to fail.
Act as if what you do makes a difference. It does.
"Opportunities don't happen, you create them."
Don't wait for opportunity. Create it.
"You don’t have to be great to start, but you have to start to be great."
"Push yourself, because no one else is going to do it for you."
"Success doesn’t come to you, you go to it."
The best time to plant a tree was 20 years ago. The second-best time is now.
"The harder you work for something, the greater you’ll feel when you achieve it."
Dream it. Believe it. Build it.
Great things never come from comfort zones.
Do something today that your future self will thank you for.
Your only limit is your mind.
Believe in yourself and all that you are. Know that there is something inside you that is greater than any obstacle.
Wake up with determination. Go to bed with satisfaction.
Don't limit your challenges; challenge your limits.
"If you can dream it, you can do it."
The secret of getting ahead is getting started.
Success doesn’t just find you. You have to go out and get it.
Don't stop when you're tired. Stop when you're done.
Failure is not the opposite of success; it’s part of success.
"Success is the sum of small efforts, repeated day in and day out."
"Do what you can, with what you have, where you are."
Perseverance is not a long race; it’s many short races one after the other.
Every accomplishment starts with the decision to try.
"Set your goals high, and don’t stop until you get there."
"Your time is limited, don’t waste it living someone else’s life."
Don’t be afraid to give up the good to go for the great.
It’s never too late to be what you might have been.
The way to get started is to quit talking and begin doing.
You are never too old to set another goal or to dream a new dream.
The future depends on what you do today.
Small progress is still progress.
Success usually comes to those who are too busy to be looking for it.
Everything you’ve ever wanted is on the other side of fear.
"Don’t count the days, make the days count."
"Focus on the journey, not the destination."
The only place where success comes before work is in the dictionary.
You are stronger than you think.
"Motivation gets you going, but discipline keeps you growing."
The only limit to our realization of tomorrow is our doubts of today.
"Don’t wait for the perfect moment, take the moment and make it perfect."
Success is not the key to happiness. Happiness is the key to success.
Start where you are. Use what you have. Do what you can.
"Success is not how high you have climbed, but how you make a positive difference to the world."
"The harder the battle, the sweeter the victory."
"Every day may not be good, but there’s something good in every day."
"Fall seven times, stand up eight."
Strength doesn’t come from what you can do. It comes from overcoming the things you once thought you couldn’t.
Your biggest commitment must always be to yourself.
Don’t let yesterday take up too much of today.
Go the extra mile. It’s never crowded there.
The only difference between ordinary and extraordinary is that little extra.
"Strive not to be a success, but rather to be of value."
Don’t let what you cannot do interfere with what you can do.
You miss 100% of the shots you don’t take.
Be the change you want to see in the world.
"Work hard in silence, let success make the noise."
Start each day with a positive thought and a grateful heart.
The struggle you’re in today is developing the strength you need for tomorrow.
The expert in anything was once a beginner.
"Do what is right, not what is easy."
"It’s not whether you get knocked down, it’s whether you get up."
Go confidently in the direction of your dreams. Live the life you’ve imagined.
"Success is a journey, not a destination."
"Keep your eyes on the stars, and your feet on the ground."
"Success is liking yourself, liking what you do, and liking how you do it."
You are your only limit.
"Success is not measured by the position you reach in life, but by the obstacles you overcome."
Here are some happy quotes for you:
"Happiness is not by chance, but by choice."
"Smiles are free, but they are worth a lot."
Happiness looks good on you.
Be happy for this moment. This moment is your life.
The purpose of our lives is to be happy.
Do more of what makes you happy.
Happiness is the best makeup.
Take time to make your soul happy.
Choose to be happy today.
"Be so happy that when others look at you, they become happy too."
Start each day with a grateful heart and happiness will follow.
Happiness is found when you stop comparing yourself to others.
True happiness comes from within.
Happiness is not something ready-made. It comes from your own actions.
Find joy in the journey.
"Let your smile change the world, but don’t let the world change your smile."
"Wherever you go, bring your own sunshine."
Happiness is the secret to all beauty. There is no beauty without happiness.
"Smile more, worry less."
"Happiness is not a destination, it’s a way of life."
"Collect moments, not things."
"Happiness is contagious, spread it wherever you go."
Do what makes your soul shine.
A happy heart makes the face cheerful.
"Let go of things you can’t control, and happiness will come naturally."
Happiness blooms from within.
"The happiest people don’t have the best of everything, they make the best of everything."
"Life is short, so make it sweet."
Happiness is the art of never holding in your heart the memory of anything unpleasant.
A day without laughter is a day wasted.
"Count your blessings, not your problems."
Happy people shine brighter.
Joy is the simplest form of gratitude.
"The more you praise and celebrate your life, the more there is in life to celebrate."
"Happiness is a direction, not a place."
Do small things with great love and happiness will follow.
Happiness is homemade.
Being happy never goes out of style.
A smile is a curve that sets everything straight.
The joy of life is in the little moments.
Life is better when you're laughing.
Focus on the good and the good gets better.
Happiness radiates like the fragrance from a flower and draws all good things towards you.
Let your happiness flow like a river.
"Choose happiness, and watch your life transform."
Good vibes only.
Stay close to people who feel like sunshine.
"Every day is a new beginning, take a deep breath and start again with happiness."
"Spread love, joy, and laughter wherever you go."
Happiness is waking up and realizing that you still have time to sleep.
"Happiness is when what you think, what you say, and what you do are in harmony."
"Smile at the world, and the world will smile back."
Happiness is an inside job.
The happiest people are those who are content with what they have.
Let your smile be your umbrella on a rainy day.
"Choose joy, no matter the circumstances."
Happiness comes when we stop complaining about the troubles we have and offer thanks for the troubles we don’t have.
"Laughter is timeless, imagination has no age, and dreams are forever."
To be happy is to grow with love in your heart and peace in your soul.
"""Happiness is letting go of what you think your life is supposed to look like."""
"""Happiness is an attitude. We either make ourselves miserable, or happy and strong."""
"""Happiness grows at our own firesides, and is not to be picked in strangers’ gardens."""
"""Happiness is the soundtrack of your life."""
"""Choose happiness, not because life is easy, but because life is difficult."""
"""Happiness depends upon ourselves."""
"""When one door of happiness closes, another opens."""
"""Happiness is the highest form of health."""
"""Happiness is a state of mind, not a set of circumstances."""
"""Happiness radiates from within, it’s not what you acquire but what you share."""
"""True happiness is to enjoy the present, without anxious dependence upon the future."""
"""Success is not the key to happiness. Happiness is the key to success."""
"""Be happy with what you have while working for what you want."""
"""You don't need too many people to be happy, just a few real ones."""
"""The happiest people are those who have mastered how to hold on to joy."""
"""Happiness is the joy we feel striving after our potential."""
"""Happiness is only real when shared."""
"""To be happy, we must not be too concerned with others."""
"""Happiness can exist only in acceptance."""
"""The more light you allow within you, the brighter the world you live in will be."""
"""Happiness never decreases by being shared."""
"""Happiness lies in the joy of achievement and the thrill of creative effort."""
"""There is no way to happiness — happiness is the way."""
"""Let no one ever come to you without leaving better and happier."""
"""Happiness is not in the mere possession of money; it lies in the joy of achievement."""
"""Happiness is when what you think, what you say, and what you do are in harmony."""
"""The secret of happiness is freedom, and the secret of freedom is courage."""
"""Happiness is like a butterfly; the more you chase it, the more it will elude you."""
"""Happiness is the art of never holding in your mind the memory of any unpleasant thing."""
"""The best way to cheer yourself up is to try to cheer somebody else up."""
"""Success is getting what you want, happiness is wanting what you get."""
"""The only way to find true happiness is to risk being completely cut open."""
"""If you want others to be happy, practice compassion. If you want to be happy, practice compassion."""
"""It is not how much we have, but how much we enjoy, that makes happiness."""
"""Being happy never goes out of style."""
"""Happiness is like a kiss. You must share it to enjoy it."""
"""Happiness is not a matter of intensity but of balance, order, rhythm, and harmony."""
"""Happiness is not something ready-made. It comes from your own actions."""
"""If you want to be happy, be."""
"""Life's under no obligation to give us what we expect."""
"""Life is a series of natural and spontaneous changes. Don’t resist them; that only creates sorrow."""
"""Don’t waste your time in anger, regrets, worries, and grudges. Life is too short to be unhappy."""
"""Our happiness depends on the habit of mind we cultivate."""
"""The greatest happiness you can have is knowing that you do not necessarily require happiness."""
"""Success means being happy with who you are, not just with what you've achieved."""
"""Happiness isn’t about getting what you want all the time. It’s about loving what you have."""
"""True happiness involves the full use of one’s power and talents."""
"""The greatest secret to happiness is being grateful for everything you have."""
"""Happiness cannot be traveled to, owned, earned, worn, or consumed. It’s a spiritual experience."""
"""Doing what you like is freedom. Liking what you do is happiness."""
"""The happiest people are the ones who do more for others."""
"""Happiness is the meaning and the purpose of life."""
"""Happiness is the best revenge."""
"""Being happy doesn’t mean everything’s perfect. It means you’ve decided to look beyond the imperfections."""
"""Count your age by friends, not years. Count your life by smiles, not tears."""
"""Happiness is a warm puppy."""
"""Learn to value yourself, which means: fight for your happiness."""
"""The key to being happy is knowing you have the power to choose what to accept and what to let go."""
"""Happiness is not about getting all you want, it’s about enjoying all you have."""
"""Happiness is an inside job."""
"""Happiness is not a goal; it is a by-product."""
"""You will never be happy if you continue to search for what happiness consists of."""
"""Happiness is holding someone in your arms and knowing you hold the whole world."""
"""It's a helluva start, being able to recognize what makes you happy."""
"""Happiness comes from peace. Peace comes from indifference."""
"""Be happy not because everything is good, but because you can see the good in everything."""
"""A happy person is not a person in a certain set of circumstances, but rather a person with a certain set of attitudes."""
"""Happiness is a way of travel, not a destination."""
"""Happiness depends more on the inward disposition of mind than on outward circumstances."""
"""If you find serenity and happiness, some people may be jealous. Be happy anyway."""
"""Happiness comes in waves. It’ll find you again."""
"""Life is short, so smile while you still have teeth."""
"""Happiness doesn’t have a price tag."""
"""Happiness is found in doing, not merely possessing."""
"""Be so happy that when others look at you, they become happy too."""
"""Happiness is not out there, it’s in you."""
"""Enjoy the little things, for one day you may look back and realize they were the big things."""
"""The secret of happiness is not in doing what one likes, but in liking what one does."""
"""Let us be grateful to the people who make us happy; they are the charming gardeners who make our souls blossom."""
"""Happiness often sneaks in through a door you didn’t know you left open."""
"""The most important thing is to enjoy your life — to be happy — it’s all that matters."""
"""No one can make you feel inferior without your consent."""
"""To be happy, you must be your own sunshine."""
"""You do not find the happy life. You make it."""
"""There are so many beautiful reasons to be happy."""
"""Be kind whenever possible. It is always possible."""
"""True happiness is not attained through self-gratification, but through fidelity to a worthy purpose."""
"""To live a pure unselfish life, one must count nothing as one’s own in the midst of abundance."""
"""Don’t let the silly little things steal your happiness."""
"""For every minute you are angry you lose sixty seconds of happiness."""
"""Happiness is found when you stop comparing yourself to others."""
"""The secret of happiness is to admire without desiring."""
"""You can’t go back and change the beginning, but you can start where you are and change the ending."""
"""Do more of what makes you happy."""
"""Happiness is a choice, not a result."""
"""Laughter is poison to fear."""
"""Happiness is not having what you want, but wanting what you have."""
"""If you want to be happy, tie it to a goal, not to people or things."""
"""Happiness is not something you postpone for the future; it is something you design for the present."""
"""People are just as happy as they make up their minds to be."""
"""The secret of being happy is accepting where you are in life and making the most out of every day."""
"""Sometimes your joy is the source of your smile, but sometimes your smile can be the source of your joy."""
"""You can't be happy unless you're unhappy sometimes."""
"""There is only one happiness in this life, to love and be loved."""
"""If you have the power to make someone happy, do it. The world needs more of that."""
"""Let your smile change the world, but don’t let the world change your smile."""
"""Happiness is not in the circumstances, but in yourself."""
"""You can’t buy happiness, but you can buy ice cream, and that’s kind of the same thing."""
"""Happiness is like jam. You can’t spread even a little without getting some on yourself."""
"""Most folks are about as happy as they make up their minds to be."""
"""Happiness is not a station you arrive at, but a manner of traveling."""
"""Happiness is enjoying the little things in life."""
"""If you want to live a happy life, tie it to a goal, not to people or things."""
"""The best way to pay for a lovely moment is to enjoy it."""
"""Happiness does not depend on what you have or who you are; it solely relies on what you think."""
"""Happiness is when the brain is thinking and the heart is feeling."""
"""Happiness is the spiritual experience of living every minute with love, grace, and gratitude."""
"""Happiness is contagious. When you choose to be happy, others around you will also be happy."""
"""The secret to happiness is to focus more on people who are happy for you."""
"""Don’t wait for the perfect moment, take the moment and make it perfect."""
"""Be kind, for everyone you meet is fighting a harder battle."""
"""A joyful heart is the inevitable result of a heart burning with love."""
"""Happiness comes from the heart, not from material possessions."""
"""He who laughs last didn’t get the joke."""
"""Do what makes your soul happy."""
"""Happiness is the best makeup."""
"""The happiness of your life depends upon the quality of your thoughts."""
"""Happy people plan actions, they don’t plan results."""
"""Happiness is a warm blanket and a good book."""
"""You glow differently when you’re happy."""
"""Being happy is the greatest form of success."""
"""Happiness looks gorgeous on you."""
"""Happiness is not something you find, it’s something you create."""
"""You can’t buy happiness, but you can buy donuts, and that’s kind of the same thing."""
"""Happiness is seeing the world with new eyes."""
"""The happiest people don’t have the best of everything, they just make the best of everything."""
"""Take time to make your soul happy."""
"""Happiness is found when you stop comparing yourself to others."""
"""Happiness is a journey, not a destination."""
"""True happiness is born of letting go of what no longer serves you."""
"""Happiness blooms where you plant it."""
"""Do more things that make you forget to check your phone."""
"""Sometimes happiness is just taking a deep breath."""
"""Keep your face to the sunshine and you cannot see a shadow."""
"""Happiness is in the heart, not in the circumstances."""
"""Be happy for this moment. This moment is your life."""
"""Happiness starts with you, not with your relationships, not with your job, not with your money, but with you."""
"""There’s nothing like deep breaths after laughing that hard. Nothing in the world like a sore stomach for the right reasons."""
"""The happiest people are those who do the most for others."""
"""The purpose of our lives is to be happy."""
"""Happiness is a habit—cultivate it."""
"""Happiness can be found, even in the darkest of times, if one only remembers to turn on the light."""
"""Happiness consists more in small conveniences or pleasures that occur every day, than in great pieces of good fortune that happen but seldom."""
"""Happiness is letting go of what you think your life is supposed to look like."""
"""Happiness is not by chance, but by choice."""
"""Laugh at yourself, it’s a big part of being happy."""
"""Start each day with a grateful heart."""
"""Think of all the beauty still left around you and be happy."""
"""Happiness is waking up and realizing you still have a few hours to sleep."""
"""Happiness is not the absence of problems, it’s the ability to deal with them."""
"""Being happy never goes out of style."""
"""Enjoy it. Because it’s happening."""
"""Happiness comes in waves."""
"""You deserve to be happy. You deserve to live a life you are excited about."""
"""Don’t let yesterday take up too much of today."""
"""A smile is happiness you’ll find right under your nose."""
"""Happiness is found in the little things."""
"""Think happy, be happy."""
"""Happiness is a decision."""
"""The happier you are, the more beautiful you become."""
"""Happiness is a warm cup of coffee on a cold day."""
"""Choose joy, even in the hardest times."""
"""Happiness is not ready made. It comes from your own actions."""
"""You don’t have to be perfect to be happy."""
"""Gratitude changes everything."""
"""Happiness is when what you think, what you say, and what you do are in harmony."""
"""Happiness depends on your mindset and attitude."""
"""Collect moments, not things."""
"""Focus on what makes you happy."""
"""A little progress each day adds up to big results."""
"""Do more of what makes you happy."""
"""The best is yet to come."""
"""Happiness is contagious, spread it around."""
"""Find joy in the journey."""
"""There is joy in simplicity."""
"""Every day may not be good, but there’s something good in every day."""
"""Happiness is in the doing, not the getting."""
"""Happiness is a choice, so choose it."""
"""The secret to happiness is freedom. And the secret to freedom is courage."""
"""Happiness is a choice, not a result."""
"""Don’t wait for the perfect moment. Take the moment and make it perfect."""
"""Be the reason someone smiles today."""
"""Life only comes around once, so do what makes you happy."""
"""Let your smile change the world."""
"""Happiness is the best revenge."""
"""Look for the magic in every moment."""
"""Good vibes only."""
"""Be silly. Be honest. Be kind."""
"""Don’t quit your daydream."""
"""Happiness is not a destination, it’s a way of life."""
"""You are enough just as you are."""
"""Happy mind, happy life."""
"""Find happiness in the journey, not the destination."""
"""You are never fully dressed without a smile."""
"""Chase the sun."""
"""Wherever you go, go with all your heart."""
"""Start each day with a positive thought."""
"""Happiness is homemade."""
"""Live life to the fullest, and focus on the positive."""
"""Smile more, worry less."""
"""Happiness is a state of mind."""
"""If you want to be happy, be."""
"""Let your happiness overflow."""
"""Don’t let small minds convince you that your dreams are too big."""
"""Let your light shine."""
"""The only way to do great work is to love what you do."""
"""Take time to make your soul happy."""
"""Do something today that your future self will thank you for."""
"""Choose to shine."""
"""Find joy in the journey."""
"""Be so happy that when others look at you, they become happy too."""
"""Chase your dreams but always know the road that will lead you home again."""
"""The happiest people don’t have the best of everything; they just make the best of everything."""
"""Stay close to what makes you feel alive."""
"""Do more of what makes you happy."""
"""Happiness is not something ready made. It comes from your own actions."""
"""Don’t forget to be awesome."""
"""The more you praise and celebrate your life, the more there is in life to celebrate."""
"""Your mind is a powerful thing. When you fill it with positive thoughts, your life will start to change."""
"""Start each day with a grateful heart."""
"""Be a voice, not an echo."""
"""Choose joy."""
"""There are so many beautiful reasons to be happy."""
"""Find joy in the little things."""
"""Happiness is the best makeup."""
"""A little more kindness, a little less worry."""
"""Follow your bliss."""
"""Focus on the good."""
"""Today is the perfect day to be happy."""
"""Keep life simple."""
"""Happiness comes from within."""
"""Happiness blooms from within."""
"""Look for something positive in each day, even if some days you have to look a little harder."""
"""It’s a beautiful day to go after your dreams."""
"""Life is tough, but so are you."""
"""You are capable of amazing things."""
"""Don’t let anyone dull your sparkle."""
"""Kindness is free, sprinkle it everywhere."""
"""Be the sunshine in someone’s cloudy day."""
"""Good things take time."""
"""Believe you can, and you’re halfway there."""
"""Positive vibes only."""
"""Let go of the thoughts that don’t make you strong."""
"""You are capable of more than you know."""
"""Be your own kind of beautiful."""
"""You’ve got this."""
"""Believe in yourself."""
"""Dream big, start small."""
"""Live less out of habit and more out of intent."""
"""Positive mind, positive vibes, positive life."""
"""Take time to do what makes your soul happy."""
"""You are braver than you believe, stronger than you seem, and smarter than you think."""
"""Do it with passion or not at all."""
"""Let your dreams be bigger than your fears."""
"""You can do anything you set your mind to."""
"""It always seems impossible until it’s done."""
"""Do what you love, love what you do."""
"""Make today amazing."""
"""Find the beauty in every day."""
"""Your potential is endless."""
"""Stay positive, work hard, and make it happen."""
"""Life is a journey, not a race."""
"""Success is a series of small wins."""
"""Trust the timing of your life."""
"""Enjoy the little things."""
"""You are enough just as you are."""
"""Live the life you’ve imagined."""
"""Life doesn’t have to be perfect to be wonderful."""
"""Make yourself a priority."""
"""Believe in your dreams."""
"""The sky’s the limit."""
"""Embrace the glorious mess that you are."""
"""Be the reason someone smiles today."""
"""It’s the little things in life."""
"""Do something today that makes you proud."""
"""Happiness is not something you postpone for the future; it is something you design for the present."""
"""You have within you right now, everything you need to deal with whatever the world can throw at you."""
"""Good things come to those who hustle."""
"""The sun is a daily reminder that we too can rise again."""
"""You are strong enough to face anything."""
"""Don’t be afraid to fail. Be afraid not to try."""
"""Stay humble, hustle hard."""
"""Make today count."""
"""Happiness is the key to success."""
"""Let the good times roll."""
"""Success is not the key to happiness. Happiness is the key to success."""
"""Don’t be pushed by your problems; be led by your dreams."""
"""You are your only limit."""
"""Success doesn’t just find you. You have to go out and get it."""
"""Create the life you can’t wait to wake up to."""
"""Dream big, work hard, stay focused, and surround yourself with good people."""
"""Don’t count the days, make the days count."""
"""Success is not about being the best. It’s about always getting better."""
"""Success is the sum of small efforts repeated day in and day out."""
"""The only place where success comes before work is in the dictionary."""
"""Chase your dreams but always know the road that will lead you home again."""
"""Success isn’t always about greatness; it’s about consistency."""
"""If you want something you’ve never had, you must be willing to do something you’ve never done."""
"""You don’t have to be great to start, but you have to start to be great."""
"""Success usually comes to those who are too busy to be looking for it."""
"""Work hard in silence, let your success be the noise."""
"""Opportunities don’t happen. You create them."""
"""Success is walking from failure to failure with no loss of enthusiasm."""
"""The road to success is always under construction."""
"""The harder you work for something, the greater you’ll feel when you achieve it."""
"""The way to get started is to quit talking and begin doing."""
"""The key to success is to focus on goals, not obstacles."""
"""Your limitation—it’s only your imagination."""
"""Don’t stop when you’re tired. Stop when you’re done."""
"""If you are not willing to risk the usual, you will have to settle for the ordinary."""
"""Great things never come from comfort zones."""
"""Success is not final, failure is not fatal: it is the courage to continue that counts."""
"""Success doesn’t come from what you do occasionally; it comes from what you do consistently."""
"""The distance between dreams and reality is called action."""
"""Don’t watch the clock; do what it does. Keep going."""
"""What seems impossible today will one day become your warm-up."""
"""Do what you can with all you have, wherever you are."""
"""Success is not how high you have climbed, but how you make a positive difference to the world."""
"""Start where you are. Use what you have. Do what you can."""
"""Success is a journey, not a destination."""
"""You don’t need to be perfect to be amazing."""
"""Hard work beats talent when talent doesn’t work hard."""
"""Stay positive, work hard, make it happen."""
"""Success is not measured by what you accomplish, but by the opposition you have encountered, and the courage with which you have maintained the struggle against overwhelming odds."""
"""Every champion was once a contender that didn’t give up."""
"""Winners are not people who never fail but people who never quit."""
"""The only way to achieve the impossible is to believe it is possible."""
"""Don’t limit your challenges. Challenge your limits."""
"""You are capable of more than you know."""
"""Success comes from having dreams that are bigger than your fears."""
"""Believe in yourself and all that you are. Know that there is something inside you that is greater than any obstacle."""
"""Don’t be afraid to give up the good to go for the great."""
"""Success isn’t about how much money you make; it’s about the difference you make in people’s lives."""
"""The secret of success is to do the common thing uncommonly well."""
"""Success is getting what you want. Happiness is wanting what you get."""
"""Fall seven times, stand up eight."""
"""Some people dream of success, while other people get up every morning and make it happen."""
"""It always seems impossible until it’s done."""
"""Believe you can, and you’re halfway there."""
"""Success is liking yourself, liking what you do, and liking how you do it."""
"""Don’t let yesterday take up too much of today."""
"""What you get by achieving your goals is not as important as what you become by achieving your goals."""
"""Do not wait to strike till the iron is hot, but make it hot by striking."""
"""The only limit to our realization of tomorrow is our doubts of today."""
"""Your time is limited, so don’t waste it living someone else’s life."""
"""The only person you are destined to become is the person you decide to be."""
"""Believe in your infinite potential. Your only limitations are those you set upon yourself."""
"""Set your goals high, and don’t stop till you get there."""
"""Act as if what you do makes a difference. It does."""
"""You miss 100% of the shots you don’t take."""
"""Whether you think you can or you think you can’t, you’re right."""
"""Don’t wait for opportunity. Create it."""
"""You’re only one decision away from a totally different life."""
"""Success isn’t measured by money or power or social rank. Success is measured by your discipline and inner peace."""
"""There is no elevator to success. You have to take the stairs."""
"""Success is sweet and sweeter if long delayed and gotten through many struggles and defeats."""
"""Success is achieved and maintained by those who try and keep trying."""
"""Success is not the key to happiness. Happiness is the key to success."""
"""If you want to live a happy life, tie it to a goal, not to people or things."""
"""Don’t be distracted by criticism. Remember, the only taste of success some people get is to take a bite out of you."""
"""Success is not how high you have climbed, but how you make a positive difference to the world."""
"""Success is nothing more than a few simple disciplines, practiced every day."""
"""The greatest pleasure in life is doing what people say you cannot do."""
"""If you are persistent, you will get it. If you are consistent, you will keep it."""
"""Successful people are not gifted; they just work hard, then succeed on purpose."""
"""Your life does not get better by chance, it gets better by change."""
"""If the plan doesn’t work, change the plan but never the goal."""
"""Success means doing the best we can with what we have."""
"""The secret of success is constancy of purpose."""
"""I never dreamed about success, I worked for it."""
"""Behind every successful person, there’s a lot of unsuccessful years."""
"""Don’t wait for opportunities; create them."""
"""The best way to predict the future is to create it."""
"""Success is the progressive realization of a worthy goal."""
"""You have to be at your strongest when you’re feeling at your weakest."""
"""Success doesn’t come to you, you go to it."""
"""Strive not to be a success, but rather to be of value."""
"""Success is not for the lazy."""
"""You have to be able to accept failure to get better."""
"""Wake up with determination. Go to bed with satisfaction."""
"""Success is the sum of small efforts, repeated day in and day out."""
"""Action is the foundational key to all success."""
"""Success is the result of preparation, hard work, and learning from failure."""
"""Success comes to those who have the willpower to win over their snooze buttons."""
"""You don’t drown by falling in the water; you drown by staying there."""
"""Don’t wait. The time will never be just right."""
"""Never stop dreaming, never stop believing, never give up, never stop trying, and never stop learning."""
"""Dream bigger. Do bigger."""
"""Success is about creating value."""
"""Every accomplishment starts with the decision to try."""
"""Happiness is a choice."""
"""Love is friendship that has caught fire."""
"""Sadness flies away on the wings of time."""
"""Anger is one letter short of danger."""
"""The greatest glory in living lies not in never falling, but in rising every time we fall."""
"""True love is eternal."""
"""Tears come from the heart and not from the brain."""
"""For every minute you are angry, you lose sixty seconds of happiness."""
"""Love knows no boundaries."""
"""Sometimes you need to take a break from everyone and spend time alone to experience life."""
"""You will never be happy if you continue to search for what happiness consists of."""
"""The best revenge is massive success."""
"""Sadness is but a wall between two gardens."""
"""Anger is a valid emotion, but it’s important to channel it positively."""
"""In the end, we only regret the chances we didn’t take."""
"""Love is composed of a single soul inhabiting two bodies."""
"""Happiness is not a goal; it is a by-product."""
"""It is better to be angry than to be sad."""
"""We can’t control the world, but we can control our reactions."""
"""Sometimes you need to disconnect to reconnect."""
"""Love is the only force capable of transforming an enemy into a friend."""
"""Sadness can be overwhelming, but it’s also a teacher."""
"""When you’re angry, you are a lion."""
"""The purpose of our lives is to be happy."""
"""Love doesn’t make the world go round; love is what makes the ride worthwhile."""
"""It’s okay to be sad sometimes; it’s part of being human."""
"""Anger is a feeling that makes your mouth work faster than your mind."""
"""Happiness can be found even in the darkest of times if one only remembers to turn on the light."""
"""Love is not about possession; it's about appreciation."""
"""Every emotion has its purpose."""
"""You have to allow yourself to feel sad sometimes."""
"""Anger is a wasted emotion; use it to fuel your determination instead."""
"""Happiness is not something ready-made. It comes from your own actions."""
"""Love is the absence of judgment."""
"""Sadness is a feeling that comes and goes; let it flow."""
"""A calm mind brings inner strength."""
"""The only thing we have to fear is fear itself."""
"""The greatest gift of life is friendship."""
"""Sadness is a friend to joy."""
"""Let your smile change the world."""
"""Love is the greatest healer."""
"""Do not let the behavior of others destroy your inner peace."""
"""Anger is a choice; it’s better to choose love."""
"""Happiness is not found in things you possess, but in what you have the courage to release."""
"""Love is the bridge between you and everything."""
"""It’s okay to feel sad; it means you’re alive."""
"""Anger can be a catalyst for change if channeled properly."""
"""Your happiness is determined by your mindset."""
"""Love is the most important thing in the world."""
"""Sadness is just a moment, not a lifetime."""
"""The world is full of magic things, patiently waiting for our senses to grow sharper."""
"""Love conquers all."""
"""Every sunset brings the promise of a new dawn."""
"""Don’t let anyone steal your joy."""
"""Life is too short to be angry."""
"""Love and compassion are necessities, not luxuries."""
"""Sometimes you need to let it out; crying is a way to heal."""
"""Anger should be your servant, not your master."""
"""Happiness is a warm puppy."""
"""Love is like the wind; you can’t see it but you can feel it."""
"""Sadness is the dark side of happiness."""
"""Anger is just one letter short of danger."""
"""Happiness is not something you postpone for the future; it is something you design for the present."""
"""Love is the energy that fuels our dreams."""
"""Sadness is a reminder of how deeply we can feel."""
"""You can’t control everything; let it be."""
"""Love is a game that two can play and both win."""
"""Life is a journey; don’t forget to enjoy the ride."""
"""Anger doesn’t solve anything; it builds nothing."""
"""Happiness blooms from within."""
"""True love is not about being inseparable; it’s about being separated and nothing changes."""
"""It’s okay to not be okay."""
"""Every day may not be good, but there’s something good in every day."""
"""Love is what makes the world go round."""
"""Sadness can lead to self-discovery."""
"""Anger is often just fear in disguise."""
"""Happiness is contagious; spread it around."""
"""The best love is the kind that awakens the soul."""
"""Sadness is a chapter in the story of life."""
"""Let your heart be your compass."""
"""Anger is a short madness."""
"""Happiness is the key to success."""
"""Love is the essence of life."""
"""Your sadness is a part of you, but it doesn’t define you."""
"""The greatest pleasure of life is love."""
"""Anger is a thief; it steals your peace."""
"""Happiness is a direction, not a destination."""
"""Love is a canvas furnished by nature."""
"""Sometimes you need to feel sad to appreciate the good times."""
"""Anger can be a mask for deeper emotions."""
"""Happiness comes in waves."""
"""Love is an adventure; embrace it."""
"""Sadness is a reminder to cherish the moments of joy."""
"""Do not dwell in the past; do not dream of the future."""
"""Love is not what you say; it’s what you do."""
"""Anger is like a storm; it can destroy everything in its path."""
"""Happiness is a choice you make every day."""
"""Love is the greatest adventure."""
"""Even the darkest night will end and the sun will rise."""
"""Be the change you wish to see in the world."""
Let me know if you need more or anything else!
"""A friend is someone who knows all about you and still loves you."""
"""The best way to cheer yourself is to try to cheer someone else up."""
"""Love is not only something you feel; it’s something you do."""
"""You are stronger than you think."""
"""Sadness can be the beginning of a new adventure."""
"""Anger is a feeling that can be transformed into passion."""
"""Happiness is not a destination; it’s a way of life."""
"""Love is the greatest gift you can give someone."""
"""Sometimes, you just need to step outside, get some air, and remind yourself of who you are and who you want to be."""
"""Even the smallest things can bring the greatest happiness."""
"""Let your smile change the world, but don’t let the world change your smile."""
"""Love is a friendship set to music."""
"""Sadness is a feeling, not a state of being."""
"""Anger is just one letter short of danger; think before you act."""
"""Happiness is the highest form of health."""
"""Love is a promise; love is a souvenir."""
"""Sometimes, the most productive thing you can do is relax."""
"""You have the power to create your own happiness."""
"""Every day is a new beginning; take a deep breath and start again."""
"""Love is the foundation of all happiness."""
"""Don’t let the noise of others’ opinions drown out your own inner voice."""
"""Sadness is a reminder that you have loved deeply."""
"""Anger is a valid emotion; it’s how you express it that counts."""
"""Happiness is found in the simplest of things."""
"""Love is the answer, and you know that for sure."""
"""There is no greater agony than bearing an untold story inside you."""
"""You don’t need a reason to help people."""
"""Sadness is a normal part of life; embrace it."""
"""Anger is a passion that can lead to positive change."""
"""Happiness is a journey, not a destination."""
"""Love is not about possession; it’s about appreciation."""
"""A negative mind will never give you a positive life."""
"""Sadness is a bridge to happiness."""
"""Anger is a signal that something needs to change."""
"""Happiness is a state of mind."""
"""Love is a better teacher than duty."""
"""Take time to do what makes your soul happy."""
"""When the sun sets, it leaves the horizon beautiful."""
"""Life is too important to be taken seriously."""
"""Love is the closest thing we have to magic."""
"""Sadness can lead to personal growth."""
"""Anger is often a reaction to fear."""
"""Happiness is not the absence of problems; it’s the ability to deal with them."""
"""Love is a language spoken by everyone but understood only by the heart."""
"""Sometimes you just need to disconnect to reconnect."""
"""Don’t cry because it’s over; smile because it happened."""
"""The greatest wealth is to live content with little."""
"""Anger is a feeling that can lead to growth if managed well."""
"""Happiness is a choice that requires effort at times."""
"""Love knows no boundaries."""
"""Your life is your story, and the adventure ahead of you is the journey to fulfill your own purpose and potential."""
"""Even the darkest night will end, and the sun will rise."""
"""Sadness can be a source of strength."""
"""Anger can be a powerful motivator."""
"""Happiness is a warm blanket on a cold day."""
"""Love is the light that brightens the darkness."""
"""Sometimes you need to get lost to find yourself."""
"""When you focus on the good, the good gets better."""
"""Love is the greatest force in the universe."""
"""Sadness is a natural response to loss."""
"""Anger can lead to a greater understanding of oneself."""
"""Happiness is the secret to all beauty."""
"""Love is a journey that begins at forever and ends at never."""
"""Life is a balance of holding on and letting go."""
"""In the end, we only regret the chances we didn’t take."""
"""Sadness is a reminder to cherish the happy moments."""
"""Anger is a choice; choose love instead."""
"""Happiness is not something you find; it’s something you create."""
"""Love is the heartbeat of the universe."""
"""Sometimes you have to take a leap of faith."""
"""The only limit to our realization of tomorrow is our doubts of today."""
"""Sadness can be a beautiful experience."""
"""Anger can be a constructive emotion if channeled properly."""
"""Happiness is the result of hard work and perseverance."""
"""Love is the greatest adventure."""
"""You can’t have a rainbow without a little rain."""
"""Every moment is a fresh beginning."""
"""Sadness is a part of life; don’t be afraid to feel it."""
"""Anger can lead to breakthroughs if approached wisely."""
"""Happiness is a warm smile and a kind heart."""
"""Love is the greatest teacher."""
"""Take a deep breath and let it go."""
"""Life is either a daring adventure or nothing at all."""
"""Sadness often precedes growth."""
"""Anger can be transformed into determination."""
"""Happiness is a butterfly that, when pursued, is always just beyond your grasp."""
"""Love is the bridge between you and everything."""
"""Life is a beautiful struggle."""
"""Sadness is a reminder that you’re human."""
"""Anger can be a powerful tool for change."""
"""Happiness is found in the little things."""
"""Love is the greatest healer."""
"""The journey of a thousand miles begins with one step."""
"""Sadness can lead to self-discovery."""
"""Anger can be a stepping stone to understanding."""
"""Happiness is the absence of striving for happiness."""
"""Love is the key that unlocks the heart."""
"""Be a voice, not an echo."""
"""Sadness is a part of being alive."""
"""Anger is a feeling; how you act on it is a choice."""
"""Happiness is not a destination; it’s a way of life."""
"""Love is the best gift you can give yourself."""
"""Sometimes the greatest act of love is letting go."""
"""Sadness is just a season; it will pass."""
"""Anger is an emotion, not a behavior."""
"""Happiness is not a goal; it’s a by-product of a life well-lived."""
"""Love is the most powerful force in the universe."""
"""Life is short; smile while you still have teeth."""
"""Even the smallest person can change the course of the future."""
"""Sadness can teach you to appreciate the happy moments."""
"""Anger is a feeling that can be channeled into motivation."""
"""Happiness is not something you find; it’s something you create."""
"""Love is the greatest adventure of all."""
"""Take life one step at a time."""
"""Sadness is a reminder of what truly matters."""
"""Anger can be a catalyst for change."""
"""Happiness is the key to success."""
"""Love is the reason we exist."""
"""Sometimes you just need to take a deep breath."""
"""Sadness can be a source of strength."""
"""Anger is a passion that can be directed positively."""
"""Happiness is a warm hug."""
"""Love is what makes the world go round."""
"""Believe in the magic of new beginnings."""
"""Sadness is a feeling that can lead to healing."""
"""Anger is a reaction; it’s how you respond that matters."""
"""Happiness is a journey, not a destination."""
"""Love is the light that guides you home."""
"""Life is a balance of holding on and letting go."""
"""Sadness is a reminder to appreciate joy."""
"""Anger can be a powerful motivator for change."""
"""Happiness is the key to a fulfilling life."""
"""Love is the heartbeat of the universe."""
"""You are enough just as you are."""
"""Sadness is a part of being human."""
"""Anger can be a tool for self-reflection."""
"""Happiness is a choice."""
"""Love is a force that can heal the world."""
"""Every day is a new beginning; take a deep breath."""
"""Sadness can lead to deeper understanding."""
"""Anger is a temporary feeling; let it pass."""
"""Happiness is the result of your thoughts."""
"""Love is the foundation of all relationships."""
"""Sometimes, you need to step back to see the bigger picture."""
"""Sadness is a teacher in disguise."""
"""Anger can be transformed into something beautiful."""
"""Happiness is a state of mind."""
"""Love is a gift; share it freely."""
"""You are capable of achieving great things."""
"""Sadness can lead to new beginnings."""
"""Anger can lead to breakthroughs."""
"""Happiness is found in the journey, not the destination."""
"""Love is the essence of life."""
"""Be a rainbow in someone’s cloud."""
"""Sadness is a part of the human experience."""
"""Anger is a signal to reflect and grow."""
"""Happiness is a choice that requires effort."""
"""Love is the greatest adventure."""
"""Take time to do what makes your soul happy."""
"""Sadness is a reminder of our capacity to love."""
"""Anger can be a catalyst for growth."""
"""Happiness is a warm cup of tea."""
"""Love is the thread that connects us all."""
"""Life is a beautiful gift; cherish it."""
"""Sadness can be a stepping stone to healing."""
"""Anger is a moment; kindness is a lifetime."""
"""Happiness is a journey worth taking."""
"""Love is the best medicine."""
"""Embrace the glorious mess that you are."""
"""Sadness is a reminder to cherish the good times."""
"""Anger is a natural emotion; it’s how you express it that matters."""
"""Happiness is a choice; choose wisely."""
"""Love is the glue that holds everything together."""
"""Life is a journey; enjoy the ride."""
"""Sadness can be a source of strength."""
"""Anger is a temporary feeling; let it guide you."""
"""Happiness is found in the little things."""
"""Love is what makes life worth living."""
"""You are stronger than you know."""
"""Sadness is a chapter in your story, not the whole book."""
"""Anger can be a powerful teacher."""
"""Happiness is the result of your attitude."""
"""Love is the greatest gift of all."""
"""Sometimes, you need to embrace the chaos."""
"""Sadness is a reminder of what truly matters."""
"""Anger can lead to new insights."""
"""Happiness is a state of being."""
"""Love is a journey, not a destination."""
"""Be the change you want to see in the world."""
"""Sadness can be a catalyst for healing."""
"""Anger is a feeling that can lead to growth."""
"""Happiness is a warm smile."""
"""Love is the light that brightens our lives."""
"""Take a deep breath and let go."""
"""Sadness can lead to a greater understanding of joy."""
"""Anger can be a tool for self-improvement."""
"""Happiness is a choice you make every day."""
"""Love is the foundation of all happiness."""
"""Sometimes, you need to let go to grow."""
"""Sadness can be a part of your journey."""
"""Anger can lead to motivation if harnessed properly."""
"""Happiness is a journey, not a destination."""
"""Love is the strongest force in the universe."""
"""Life is a precious gift; cherish every moment."""
"""Sadness can lead to clarity."""
"""Anger is a feeling; how you act on it is a choice."""
"""Happiness is found in the present moment."""
"""Love is what makes the world go round."""
"""Embrace your emotions; they are part of being human."""
"""Sadness is a sign of growth."""
"""Anger can be a path to understanding."""
"""Happiness is a state of mind."""
"""Love is the answer to all questions."""
"""Every day is a new opportunity to start fresh."""
"""Sadness can lead to healing and transformation."""
"""Anger is a signal that something needs to change."""
"""Happiness is not a goal; it’s a by-product of living."""
"""Love is the most powerful emotion."""
"""You are the author of your own story."""
"""Sadness can teach you about joy."""
"""Anger can be a teacher if you listen."""
"""Happiness is the result of your thoughts."""
"""Love is the most beautiful experience."""
"""Life is a dance; enjoy every step."""
"""Sadness is part of the journey."""
"""Anger can be channeled into action."""
"""Happiness is found in the little things."""
"""Love is the greatest gift you can give."""
"""You have the power to change your life."""
"""Sadness can lead to a deeper understanding of life."""
"""Anger is a moment; kindness is a lifetime."""
"""Happiness is a choice you make every day."""
"""Love is the greatest adventure."""
"""Take time to do what makes your soul happy."""
"""Sadness can be a teacher."""
"""Anger can lead to new beginnings."""
"""Happiness is the key to success."""
"""Love is the light that guides us."""
"""Sometimes you need to take a step back."""
"""Sadness is a reminder of what you value."""
"""Anger can lead to breakthroughs."""
"""Happiness is a warm hug."""
"""Love is the reason we exist."""
"""You are capable of achieving greatness."""
"""Sadness can lead to personal growth."""
"""Anger can be a catalyst for change."""
"""Happiness is the absence of striving for happiness."""
"""Love is a gift; cherish it."""
"""Be the change you want to see."""
"""Sadness can help you appreciate happiness."""
"""Anger can be a tool for transformation."""
"""Happiness is a warm smile and a kind heart."""
"""Love is the greatest force in the universe."""
"""Life is too short to be anything but happy."""
"""Sadness is a part of the journey."""
"""Anger is a valid emotion; it’s how you express it that counts."""
"""Happiness is a choice that requires effort."""
"""Love is the essence of life."""
"""Sometimes, you just need to breathe."""
"""Sadness can be a reminder to cherish joy."""
"""Anger can be a powerful motivator."""
"""Happiness is a state of being."""
"""Love is a journey worth taking."""
"""You are stronger than you realize."""
"""Sadness is a teacher in disguise."""
"""Anger can lead to personal growth."""
"""Happiness is found in the journey."""
"""Love is the key to a fulfilling life."""
"""Every day is a new opportunity to start fresh."""
"""Sadness can lead to self-discovery."""
"""Anger is a feeling; how you act on it is a choice."""
"""Happiness is a warm cup of coffee."""
"""Love is the greatest adventure of all."""
"""Sometimes, you need to take a break."""
"""Sadness is a reminder of what matters."""
"""Anger can lead to insight."""
"""Happiness is a journey worth taking."""
"""Love is the light in the darkness."""
"""You are capable of more than you know."""
"""Sadness can be a part of healing."""
"""Anger can be transformed into something positive."""
"""Happiness is the result of your attitude."""
"""Love is the greatest gift."""
"""Take a moment to appreciate life."""
"""Sadness is a part of the human experience."""
"""Anger can be a sign of passion."""
"""Happiness is the key to fulfillment."""
"""Love is what connects us all."""
"""You have the power to change your story."""
"""Sadness can lead to deeper understanding."""
"""Anger is a moment; kindness is a choice."""
"""Happiness is a warm embrace."""
"""Love is the reason for living."""
"""Sometimes, you just need to let go."""
"""Sadness can lead to transformation."""
"""Anger can be a tool for self-reflection."""
"""Happiness is a choice you can make."""
"""Love is the greatest healer."""
"""Life is an adventure; embrace it."""
"""Sadness can lead to growth."""
"""Anger can be harnessed for good."""
"""Happiness is a state of mind."""
"""Love is the light that guides us."""
"""Every day is a new chance to change your life."""
"""Sadness can be a catalyst for change."""
"""Anger is a valid emotion; acknowledge it."""
"""Happiness is the key to a fulfilling life."""
"""Love is the greatest gift you can give."""
"""You are the architect of your own destiny."""
"""Sadness can be a part of your journey."""
"""Anger can be a stepping stone to understanding."""
"""Happiness is a warm smile."""
"""Love is the essence of who we are."""
"""Sometimes, you need to find your own path."""
"""Sadness is a reminder of how much you care."""
"""Anger can be a motivator for change."""
"""Happiness is a choice that you make."""
"""Love is what makes life beautiful."""
"""You are stronger than your struggles."""
"""Sadness can lead to greater empathy."""
"""Anger can be a pathway to growth."""
"""Happiness is a journey, not a destination."""
"""Love is the greatest adventure of all."""
"""Take a moment to appreciate the little things."""
"""Sadness can help you appreciate joy."""
"""Anger is a feeling; it’s how you respond that matters."""
"""Happiness is a state of mind."""
"""Love is the key to happiness."""
"""You are capable of overcoming any obstacle."""
"""Sadness can be a teacher in disguise."""
"""Anger can lead to breakthroughs."""
"""Happiness is found in the little things."""
"""Love is the greatest force in the universe."""
"""Every day is a new opportunity to shine."""
"""Sadness can lead to personal growth."""
"""Anger can be channeled into positive action."""
"""Happiness is the result of your choices."""
"""Love is the most beautiful experience."""
"""You are the author of your own happiness."""
"""Sadness is a part of life’s journey."""
"""Anger can be a powerful motivator."""
"""Happiness is a warm hug."""
"""Love is the reason we exist."""
"""Sometimes, you just need to take a step back."""
"""Sadness can lead to greater understanding."""
"""Anger is a moment; kindness is a lifetime."""
"""Happiness is a choice you can make every day."""
"""Love is the most precious gift."""
"""Life is too short to be anything but happy."""
"""Sadness can teach you about joy."""
"""Anger can be a catalyst for positive change."""
"""Happiness is a warm smile and a kind heart."""
"""Love is the greatest force in the universe."""
"""Every day is a new chance to make a difference."""
"""Sadness can lead to clarity and understanding."""
"""Anger is a valid emotion; it’s how you express it that counts."""
"""Happiness is a choice that requires effort."""
"""Love is the essence of life."""
"""Sometimes, you need to breathe and let go."""
"""Sadness can remind you of the good times."""
"""Anger can lead to insight and reflection."""
"""Happiness is a state of being."""
"""Love is a journey worth taking."""
"""You are stronger than you realize."""
"""Sadness can be a teacher in disguise."""
"""Anger can lead to personal growth."""
"""Happiness is found in the journey, not the destination."""
"""Love is the key to a fulfilling life."""
"""You have the power to change your life."""
"""Sadness can lead to self-discovery."""
"""Anger is a feeling; how you act on it is a choice."""
"""Happiness is a warm cup of coffee."""
"""Love is the greatest adventure of all."""
"""Sometimes, you need to take a break."""
"""Sadness is a reminder of what matters."""
"""Anger can lead to insight and understanding."""
"""Happiness is a journey worth taking."""
"""Love is the light in the darkness."""
"""You are capable of more than you know."""
"""Sadness can be a part of healing."""
"""Anger can be transformed into something positive."""
"""Happiness is the result of your attitude."""
"""Love is the greatest gift."""
"""Take a moment to appreciate life."""
"""Sadness is a part of the human experience."""
"""Anger can be a sign of passion."""
"""Happiness is the key to fulfillment."""
"""Love is what connects us all."""
"""You have the power to change your story."""
"""Sadness can lead to deeper understanding."""
"""Anger is a moment; kindness is a choice."""
"""Happiness is a warm embrace."""
"""Love is the reason for living."""
"""Sometimes, you just need to let go."""
"""Sadness can lead to transformation."""
"""Anger can be a tool for self-reflection."""
"""Happiness is a choice you can make."""
"""Love is the greatest healer."""
"""Life is an adventure; embrace it."""
"""Sadness can lead to growth."""
"""Anger can be harnessed for good."""
"""Happiness is a state of mind."""
"""Love is the light that guides us."""
"""Every day is a new chance to change your life."""
"""Sadness can be a catalyst for change."""
"""Anger is a valid emotion; acknowledge it."""
"""Happiness is the key to a fulfilling life."""
"""Love is the greatest gift you can give."""
"""You are the architect of your own destiny."""
"""Sadness can be a part of your journey."""
"""Anger can be a stepping stone to understanding."""
"""Happiness is a warm smile."""
"""Love is the essence of who we are."""
"""Sometimes, you need to find your own path."""
"""Sadness is a reminder of how much you care."""
"""Anger can be a motivator for change."""
"""Happiness is a choice that you make."""
"""Love is what makes life beautiful."""
"""You are stronger than your struggles."""
"""Sadness can lead to greater empathy."""
"""Anger can be a pathway to growth."""
"""Happiness is a journey, not a destination."""
"""Love is the greatest adventure of all."""
"""Take a moment to appreciate the little things."""
"""Sadness can help you appreciate joy."""
"""Anger is a feeling; it’s how you respond that matters."""
"""Happiness is a state of mind."""
"""Love is the key to happiness."""
"""You are capable of overcoming any obstacle."""
"""Sadness can be a teacher in disguise."""
"""Anger can lead to breakthroughs."""
"""Happiness is found in the little things."""
"""Love is the greatest force in the universe."""
"""Every day is a new opportunity to shine."""
"""Sadness can lead to personal growth."""
"""Anger can be channeled into positive action."""
"""Happiness is the result of your choices."""
"""Love is the most beautiful experience."""
"""You are the author of your own happiness."""
"""Sadness is a part of life’s journey."""
"""Anger can be a powerful motivator."""
"""Happiness is a warm hug."""
"""Love is the reason we exist."""
"""Sometimes, you just need to take a step back."""
"""Sadness can lead to greater understanding."""
"""Anger is a moment; kindness is a lifetime."""
"""Happiness is a choice you can make every day."""
"""Love is the most precious gift."""
"""Life is too short to be anything but happy."""
"""Sadness can teach you about joy."""
"""Anger can be a catalyst for positive change."""
"""Happiness is a warm smile and a kind heart."""
"""Love is the greatest force in the universe."""
"""Every day is a new chance to make a difference."""
"""Sadness can lead to clarity and understanding."""
"""Anger is a valid emotion; it’s how you express it that counts."""
"""Happiness is a choice that requires effort."""
"""Love is the essence of life."""
"""Sometimes, you need to breathe and let go."""
"""Sadness can remind you of the good times."""
"""Anger can lead to insight and reflection."""
"""Happiness is a state of being."""
"""Love is a journey worth taking."""
"""You are stronger than you realize."""
"""Sadness can be a teacher in disguise."""
"""Anger can lead to personal growth."""
"""Happiness is found in the journey, not the destination."""
"""Love is the key to a fulfilling life."""
"""You have the power to change your life."""
"""Sadness can lead to self-discovery."""
"""Anger is a feeling; how you act on it is a choice."""
"""Happiness is a warm cup of coffee."""
"""Love is the greatest adventure of all."""
"""Sometimes, you need to take a break."""
"""Sadness is a reminder of what matters."""
"""Anger can lead to insight and understanding."""
"""Happiness is a journey worth taking."""
"""Love is the light in the darkness."""
"""You are capable of more than you know."""
"""Sadness can be a part of healing."""
"""Anger can be transformed into something positive."""
"""Happiness is the result of your attitude."""
"""Love is the greatest gift."""
"""Take a moment to appreciate life."""
"""Sadness is a part of the human experience."""
"""Anger can be a sign of passion."""
"""Happiness is the key to fulfillment."""
"""Love is what connects us all."""
"""You have the power to change your story."""
"""Sadness can lead to deeper understanding."""
"""Anger is a moment; kindness is a choice."""
"""Happiness is a warm embrace."""
"""Love is the reason for living."""
"""Sometimes, you just need to let go."""
"""Sadness can lead to transformation."""
"""Anger can be a tool for self-reflection."""
"""Happiness is a choice you can make."""
"""Love is the greatest healer."""
"""Life is an adventure; embrace it."""
"""Sadness can lead to growth."""